,Govt_ID,Policy_Number,Policy_Purchase_Date,Disease,Waiting_Period_Disease_Years,Diagnosis_Date
0,TJNTX6177J,W78254,2017-02-03,Heart Disease,1,2015-08-11
1,YTGOH4994B,N64362,2019-01-29,Asthma,1,2017-09-20
2,KLWSJ3782M,D52854,2019-02-28,Asthma,2,2023-09-10
6,OYKST7365C,N87230,2017-02-18,Hypertension,2,2016-03-24
10,JOFRL8953P,U10586,2017-02-06,Diabetes,1,2023-11-27
16,YQCVH4980H,V88121,2019-06-03,Heart Disease,2,2017-06-06
19,ILRJE1648G,E09619,2018-05-22,Heart Disease,2,2017-10-23
22,XZDMJ7861K,W49723,2017-10-28,Heart Disease,1,2023-11-12
25,JKFBZ6079T,R62957,2019-08-31,Osteoarthritis,2,2022-03-17
26,DPSVO5939K,H20246,2019-08-10,Osteoarthritis,2,2020-03-30
31,GDSLG2577C,Z82189,2017-03-03,Kidney Disease,1,2015-02-19
32,XSTIS3261P,H73338,2018-02-28,Heart Disease,2,2015-03-03
33,XSTIS3261P,H73338,2018-02-28,Liver Disorder,1,2023-12-30
34,XSTIS3261P,H73338,2018-02-28,Hypertension,1,2017-04-23
36,NRJRC4463M,S79902,2017-03-25,Asthma,2,2019-07-12
37,NRJRC4463M,S79902,2017-03-25,Diabetes,1,2021-07-14
38,CFLSN5266X,K38015,2018-04-15,Osteoarthritis,1,2021-12-05
39,LEJNQ3464P,E42515,2018-07-22,Thyroid Disorder,1,2020-11-05
41,XAQOT4721V,J59797,2019-10-01,Diabetes,2,2023-03-24
44,MXWWN6007R,Y55989,2018-10-01,Heart Disease,1,2017-10-25
46,RNXHC4882J,P21927,2017-01-26,Hypertension,2,2023-04-12
47,WQSZE4309C,B00910,2018-12-28,Asthma,1,2019-11-19
49,VQMFQ8346Q,J23981,2018-01-27,Liver Disorder,1,2021-06-12
51,AAUIS2527J,G36550,2018-08-13,Liver Disorder,1,2021-03-15
52,AAUIS2527J,G36550,2018-08-13,Kidney Disease,2,2020-09-29
64,DCJMX5605R,K19376,2017-04-08,Hypertension,2,2021-04-25
65,ZYSUU0730Z,Y07681,2018-01-04,Hypertension,2,2021-07-10
67,JJPQT1797D,Q90754,2018-05-16,Heart Disease,1,2023-12-05
68,JJPQT1797D,Q90754,2018-05-16,Liver Disorder,2,2016-10-28
69,QESHU5043G,C72509,2019-05-05,Heart Disease,2,2020-10-14
71,QESHU5043G,C72509,2019-05-05,Diabetes,2,2015-05-21
72,SKVZA6965K,E10299,2019-05-12,Diabetes,1,2018-01-21
74,SKVZA6965K,E10299,2019-05-12,Thyroid Disorder,1,2023-04-20
75,SLAKA3981A,I52189,2019-03-27,Asthma,2,2016-12-01
76,SLAKA3981A,I52189,2019-03-27,Liver Disorder,1,2016-04-27
81,QOJOJ0163C,N30219,2017-02-07,Heart Disease,1,2021-03-29
82,NLXSD0545N,J49149,2017-02-27,Asthma,1,2015-05-02
83,NZWBH1491C,H75329,2017-04-04,Osteoarthritis,2,2020-05-31
90,MXUOB2353Z,G84386,2019-11-12,Kidney Disease,2,2017-05-13
100,HMHCC6733V,I07122,2018-09-29,Hypertension,2,2017-09-14
101,HMHCC6733V,I07122,2018-09-29,Osteoarthritis,1,2019-07-15
107,WJLIR0869S,F64236,2018-11-27,Heart Disease,1,2016-11-24
108,WJLIR0869S,F64236,2018-11-27,Hypertension,1,2020-10-26
109,HLBJY1267U,N14841,2017-10-15,Liver Disorder,1,2022-10-15
111,LSUQH4707X,U83143,2017-04-12,Hypertension,1,2016-03-02
114,IRDKN1608V,U46314,2019-07-25,Hypertension,1,2016-02-04
115,IRDKN1608V,U46314,2019-07-25,Asthma,2,2022-02-15
116,ITWSI1976Q,F26359,2017-12-22,Liver Disorder,2,2022-07-08
117,AQVNQ7173I,J60439,2017-12-16,Liver Disorder,2,2022-12-23
119,HPVEZ0109C,X04457,2019-01-08,Hypertension,2,2017-01-26
120,IKPSL3184A,E30667,2018-04-26,Osteoarthritis,2,2018-11-01
121,IKPSL3184A,E30667,2018-04-26,Diabetes,2,2023-07-01
125,PNNUI5496U,U30681,2018-05-10,Heart Disease,2,2015-12-15
126,PNNUI5496U,U30681,2018-05-10,Thyroid Disorder,2,2021-10-12
127,SRHSF2806Z,N08084,2017-04-30,Osteoarthritis,2,2017-06-11
128,QRLKX8576L,B95165,2019-01-18,Kidney Disease,1,2016-12-15
129,QRLKX8576L,B95165,2019-01-18,Hypertension,2,2016-01-13
130,JIHYN1347D,S25084,2017-07-09,Thyroid Disorder,1,2017-03-22
133,ZJWOX5320Y,P71834,2017-08-05,Kidney Disease,1,2019-01-15
135,SAFNK0126Z,S48601,2018-12-29,Osteoarthritis,2,2022-12-22
136,SAFNK0126Z,S48601,2018-12-29,Thyroid Disorder,2,2018-01-30
145,WEJEA9158M,T29754,2017-06-23,Liver Disorder,1,2018-04-26
146,WEJEA9158M,T29754,2017-06-23,Asthma,1,2015-01-19
148,RUAHW9112S,R92768,2019-05-12,Heart Disease,2,2018-10-04
149,RUAHW9112S,R92768,2019-05-12,Liver Disorder,1,2019-02-09
152,VVWUV8935H,N31223,2019-04-30,Osteoarthritis,1,2021-10-16
153,VAFMO0916J,A66698,2017-10-07,Hypertension,2,2016-02-26
154,JVAYJ0984S,W38537,2017-03-24,Diabetes,2,2023-04-29
155,JVAYJ0984S,W38537,2017-03-24,Hypertension,2,2018-05-11
157,SCDHO0824R,U28249,2018-06-16,Hypertension,2,2018-10-21
161,VPPLO2698R,Z25032,2019-05-13,Heart Disease,1,2023-06-13
165,HKMZV2865K,D17696,2019-06-27,Hypertension,2,2020-12-10
166,OHGDB7001S,B33455,2017-12-28,Osteoarthritis,1,2017-09-19
168,DSPYN6373M,C08083,2018-04-14,Asthma,2,2023-06-22
170,AYZWW9359K,P67197,2018-03-02,Kidney Disease,1,2023-03-27
171,NYEHX0587H,T81886,2019-07-19,Osteoarthritis,2,2016-02-18
172,MYGOB6294R,H44666,2017-12-19,Liver Disorder,2,2023-05-06
174,GBDFB9515L,W22348,2019-03-23,Kidney Disease,2,2021-08-30
175,FGLOT2485W,R99967,2018-01-18,Liver Disorder,1,2018-11-06
176,FGLOT2485W,R99967,2018-01-18,Thyroid Disorder,2,2016-10-10
178,QOAIH0977F,G64329,2018-03-22,Liver Disorder,1,2016-05-15
179,QOAIH0977F,G64329,2018-03-22,Heart Disease,1,2017-06-12
180,MXGGN7718I,R84319,2017-12-23,Osteoarthritis,2,2022-12-12
181,MXGGN7718I,R84319,2017-12-23,Heart Disease,2,2018-11-07
182,MXGGN7718I,R84319,2017-12-23,Thyroid Disorder,2,2016-11-04
184,ARKBR2093D,G33607,2018-06-26,Liver Disorder,2,2016-11-20
187,LGBYP6166X,A56536,2017-12-05,Heart Disease,2,2015-03-08
188,LGBYP6166X,A56536,2017-12-05,Asthma,1,2023-03-29
191,USXZW0403B,W90783,2018-09-11,Heart Disease,2,2020-03-29
195,SIXZW4830D,Y82718,2018-02-07,Hypertension,2,2018-05-25
197,SAYTF3535U,C95048,2018-02-11,Liver Disorder,1,2019-02-25
199,FFPUZ3476R,Z52489,2017-08-03,Heart Disease,1,2022-07-09
202,ODLVA9416F,Q49586,2019-10-28,Liver Disorder,1,2020-01-13
205,XRIVR4263O,R05594,2018-01-23,Osteoarthritis,2,2022-06-29
209,VKSTT0056E,N54876,2017-03-01,Diabetes,1,2015-08-10
211,TTPDX7643E,D47558,2018-05-26,Heart Disease,2,2017-07-18
216,FYOIN8550K,S88929,2019-01-27,Osteoarthritis,2,2018-05-11
217,FYOIN8550K,S88929,2019-01-27,Asthma,1,2022-04-11
219,QWDMQ6492G,X77277,2019-01-07,Diabetes,2,2015-01-15
220,QWDMQ6492G,X77277,2019-01-07,Osteoarthritis,2,2018-12-20
221,JOOOQ0618V,M25795,2017-02-01,Kidney Disease,1,2023-11-06
224,IYLWE4195V,E37424,2019-10-20,Asthma,1,2017-12-23
225,IYLWE4195V,E37424,2019-10-20,Diabetes,2,2018-01-07
226,UGNTD2732A,T81320,2019-01-25,Thyroid Disorder,2,2021-05-16
227,AOSQW8314U,P76948,2017-02-11,Asthma,2,2016-01-26
231,SBBOE5693I,V91080,2018-05-23,Osteoarthritis,2,2018-03-09
232,SBBOE5693I,V91080,2018-05-23,Liver Disorder,1,2021-03-26
233,SBBOE5693I,V91080,2018-05-23,Hypertension,2,2015-09-21
236,ZKCLE0458N,X33052,2017-12-09,Heart Disease,1,2019-01-05
244,TPIBH8172C,V42026,2018-09-26,Heart Disease,1,2016-06-11
245,TPIBH8172C,V42026,2018-09-26,Hypertension,1,2023-06-14
250,JUFYH5912C,B08365,2019-02-26,Asthma,2,2022-01-10
254,IZMSE8203U,S97229,2019-09-08,Thyroid Disorder,1,2020-04-23
255,IZMSE8203U,S97229,2019-09-08,Diabetes,1,2017-07-29
257,ACNFD8988T,B45974,2019-02-01,Asthma,2,2018-04-17
258,ZYMUK6388Q,E47301,2018-03-10,Asthma,2,2020-04-21
259,ZYMUK6388Q,E47301,2018-03-10,Thyroid Disorder,2,2018-06-22
261,HLXGQ1474B,Z15795,2017-07-14,Asthma,2,2023-12-03
265,LXKPP5482C,Z40155,2017-04-24,Osteoarthritis,1,2022-12-30
269,XDSHX1105F,Z46821,2017-07-22,Hypertension,1,2021-01-17
270,WWIIY8100H,S61218,2018-07-01,Kidney Disease,1,2018-10-16
276,PMWJZ4237V,U44213,2019-01-07,Osteoarthritis,2,2016-02-15
279,DEBZW3114D,B96133,2018-06-20,Osteoarthritis,2,2022-04-12
281,GYUCF9516R,B51530,2018-04-12,Heart Disease,2,2019-12-09
285,FKVJV9332I,T45275,2018-02-22,Asthma,2,2023-11-08
286,VARGE2589A,N23211,2019-02-16,Asthma,2,2022-12-27
287,VARGE2589A,N23211,2019-02-16,Osteoarthritis,1,2023-07-02
289,EXEEV9874F,S92597,2018-08-28,Thyroid Disorder,2,2015-04-02
291,EXEEV9874F,S92597,2018-08-28,Diabetes,2,2022-06-19
293,NCVOT8128S,I67325,2017-02-14,Thyroid Disorder,1,2018-04-12
295,JLMIG0499B,S48710,2019-12-04,Asthma,1,2016-12-13
299,SFJLY1861D,M39063,2019-12-19,Kidney Disease,2,2019-11-06
300,SULJY6672L,E07120,2019-07-12,Asthma,1,2020-09-25
306,ROMOE5733D,U91869,2018-02-08,Hypertension,2,2022-09-26
313,NSZMC7561P,Y26102,2019-06-06,Heart Disease,2,2021-09-16
314,WCBRB1404N,E17415,2018-10-24,Thyroid Disorder,1,2019-06-29
315,WCBRB1404N,E17415,2018-10-24,Heart Disease,2,2020-11-07
316,VLVQC5499T,B71720,2018-06-26,Thyroid Disorder,2,2018-05-23
317,UMYAB1219P,L53652,2017-06-26,Asthma,1,2018-03-05
318,UMYAB1219P,L53652,2017-06-26,Diabetes,2,2015-08-02
321,VLXMQ9004Q,I32224,2018-07-22,Liver Disorder,1,2015-03-24
322,VLXMQ9004Q,I32224,2018-07-22,Osteoarthritis,2,2015-08-25
326,KPWXA6690I,Z38190,2017-06-18,Diabetes,1,2018-02-20
329,ZLNHW9523U,C92162,2019-10-21,Heart Disease,1,2017-12-08
332,DMZSU7258M,D23226,2017-03-12,Osteoarthritis,2,2015-06-05
333,DMZSU7258M,D23226,2017-03-12,Diabetes,2,2019-06-21
335,HWVTG0193P,W71676,2018-03-11,Kidney Disease,1,2017-11-02
336,HWVTG0193P,W71676,2018-03-11,Thyroid Disorder,2,2019-11-16
337,HWVTG0193P,W71676,2018-03-11,Diabetes,2,2023-12-14
338,WMKLI8951F,K58087,2017-12-05,Heart Disease,1,2023-11-05
340,WMKLI8951F,K58087,2017-12-05,Hypertension,1,2019-11-14
342,HORHK2369G,K81551,2017-06-12,Diabetes,1,2018-10-06
346,ZDNNO8361X,A80506,2018-04-15,Asthma,2,2020-11-07
349,VMOVQ8374K,M99206,2018-08-16,Hypertension,2,2019-09-11
350,AFFFX6652B,U33661,2017-02-23,Thyroid Disorder,1,2017-04-21
352,BFGMD3317N,C11261,2019-07-07,Thyroid Disorder,1,2017-11-27
353,BFGMD3317N,C11261,2019-07-07,Diabetes,2,2016-11-19
354,TPNVX3500C,E27762,2019-12-28,Kidney Disease,2,2018-09-16
356,TPNVX3500C,E27762,2019-12-28,Osteoarthritis,2,2016-01-06
357,VPWVZ2700L,T02550,2017-06-17,Kidney Disease,2,2017-05-07
360,VWUHV7354Z,B94189,2019-04-13,Osteoarthritis,2,2016-12-22
361,LFTLH5773F,Y96725,2018-04-11,Asthma,2,2019-03-12
362,NNBND2017J,M78177,2019-06-21,Liver Disorder,1,2018-05-09
365,CYSSJ0906L,Y62503,2018-11-01,Diabetes,2,2020-10-05
368,WWIEK3077D,F07529,2019-03-04,Thyroid Disorder,1,2016-03-20
370,VCAML3647I,S42806,2018-09-04,Kidney Disease,2,2022-01-26
371,VCAML3647I,S42806,2018-09-04,Osteoarthritis,2,2023-06-02
372,VCAML3647I,S42806,2018-09-04,Heart Disease,1,2021-08-02
373,MMYZT3166U,U29943,2019-01-28,Diabetes,2,2017-03-26
375,MWNHG8984O,Q23165,2018-10-20,Kidney Disease,2,2021-12-09
376,EDTJJ1870J,L64422,2018-06-21,Hypertension,2,2020-10-16
378,AJCSD0954E,X83755,2017-04-13,Heart Disease,2,2017-09-22
379,AJCSD0954E,X83755,2017-04-13,Diabetes,1,2016-11-30
380,AJCSD0954E,X83755,2017-04-13,Osteoarthritis,2,2021-08-20
381,VGYAY1608P,L90604,2018-08-10,Osteoarthritis,2,2015-04-10
382,FMXLA9547L,M64168,2018-07-06,Heart Disease,2,2020-07-09
386,UAEMB4430C,M55460,2018-12-10,Heart Disease,2,2017-01-10
388,OQKVJ9839S,Y31266,2017-11-21,Hypertension,1,2015-02-03
389,OQKVJ9839S,Y31266,2017-11-21,Diabetes,2,2017-11-09
390,QFNCD5606H,X40397,2018-11-20,Hypertension,1,2022-11-09
393,UBZTL8836X,M79580,2019-07-31,Hypertension,1,2022-08-24
394,UBZTL8836X,M79580,2019-07-31,Thyroid Disorder,1,2015-02-09
395,TLKWY2401X,W98906,2018-09-07,Osteoarthritis,2,2021-04-18
398,VSHUL1673L,R39822,2018-09-01,Thyroid Disorder,1,2022-02-18
399,OAHJH8647B,U13854,2019-07-14,Asthma,2,2022-11-05
403,AKBHY6542T,W52103,2019-02-18,Hypertension,1,2019-07-24
404,AKBHY6542T,W52103,2019-02-18,Osteoarthritis,1,2018-04-22
406,YDRIW5246D,F90289,2017-12-07,Heart Disease,1,2017-05-10
409,JOXOE2105I,F40568,2019-03-15,Liver Disorder,2,2015-11-22
412,LRMOU0721H,W76366,2018-09-30,Kidney Disease,1,2021-02-24
414,OEZXC8940D,Y34788,2017-09-19,Osteoarthritis,2,2015-09-18
415,OEZXC8940D,Y34788,2017-09-19,Asthma,1,2015-07-07
416,OEZXC8940D,Y34788,2017-09-19,Kidney Disease,1,2015-10-28
420,JOBZO4743B,I03956,2017-12-22,Hypertension,1,2018-04-20
421,JOBZO4743B,I03956,2017-12-22,Kidney Disease,2,2021-12-12
422,GNDVX5106Z,Z41949,2019-12-24,Diabetes,1,2016-08-28
424,SELHO9356N,C21575,2017-12-07,Asthma,1,2020-09-20
429,DHVCA3389Q,H61113,2019-01-28,Thyroid Disorder,2,2019-08-05
430,DHVCA3389Q,H61113,2019-01-28,Diabetes,2,2023-07-17
431,ESVEP6197L,H91941,2018-09-11,Heart Disease,1,2018-09-30
433,ESVEP6197L,H91941,2018-09-11,Thyroid Disorder,1,2023-01-14
434,RPRXO1695G,C15354,2018-06-10,Thyroid Disorder,1,2015-01-30
436,RPRXO1695G,C15354,2018-06-10,Heart Disease,2,2018-05-30
437,ZHZQB4341I,Z06079,2018-02-09,Osteoarthritis,2,2021-04-04
438,ZHZQB4341I,Z06079,2018-02-09,Thyroid Disorder,1,2022-05-17
442,ZSECJ5008D,J15244,2017-03-30,Thyroid Disorder,2,2017-03-24
443,GFYVU1418D,K12678,2018-11-18,Thyroid Disorder,1,2015-10-04
444,GFYVU1418D,K12678,2018-11-18,Hypertension,1,2023-11-05
445,GFYVU1418D,K12678,2018-11-18,Kidney Disease,1,2017-01-03
446,EMPBX5566P,U47245,2019-09-25,Kidney Disease,1,2020-12-16
447,ZVMDR5595O,P81287,2018-06-20,Thyroid Disorder,1,2016-12-15
449,VFJZR4539S,R85147,2018-04-09,Kidney Disease,1,2021-09-06
452,FKFUT1335A,N73150,2017-11-05,Kidney Disease,1,2016-05-18
453,FKFUT1335A,N73150,2017-11-05,Heart Disease,1,2021-07-10
455,KYUGA2657W,D34306,2017-01-07,Heart Disease,2,2015-06-18
457,EDSRQ7054B,C67129,2017-04-16,Heart Disease,2,2023-01-19
459,LCNAH7682I,P56727,2018-01-29,Kidney Disease,2,2016-08-12
460,LCNAH7682I,P56727,2018-01-29,Osteoarthritis,1,2017-02-05
461,DNSKN9668H,Q93816,2018-08-04,Osteoarthritis,2,2015-09-05
462,DNSKN9668H,Q93816,2018-08-04,Asthma,1,2017-06-19
463,PIWYS2624Y,G62116,2019-04-17,Liver Disorder,2,2016-07-22
464,TPNBT4773M,X84916,2019-10-31,Diabetes,2,2021-02-06
467,AQTOY3682G,L90480,2017-06-13,Asthma,2,2017-01-16
468,AQTOY3682G,L90480,2017-06-13,Kidney Disease,2,2020-01-18
470,CLMEG1434E,K14841,2018-02-25,Heart Disease,1,2018-11-01
471,CLMEG1434E,K14841,2018-02-25,Liver Disorder,2,2015-01-07
472,OODNG2358D,Z42200,2018-01-11,Asthma,2,2020-05-13
473,QYELH5283P,R84088,2019-10-23,Kidney Disease,1,2021-12-15
476,TKTUC2552B,Y64092,2017-09-04,Osteoarthritis,1,2017-09-15
477,TKTUC2552B,Y64092,2017-09-04,Asthma,1,2023-11-04
480,WUPHB3954G,O19129,2019-09-26,Hypertension,2,2017-10-06
483,JIKTI2424C,T86397,2018-12-11,Thyroid Disorder,2,2015-04-04
485,JLOEE1929L,C76014,2018-01-26,Diabetes,2,2020-02-13
486,VMTSH2899X,W46423,2019-02-18,Heart Disease,2,2018-08-17
489,NKYPG7200P,M59951,2018-10-13,Diabetes,2,2015-02-04
490,NKYPG7200P,M59951,2018-10-13,Thyroid Disorder,2,2015-07-18
491,LCPPE9675B,I11633,2017-04-06,Heart Disease,1,2019-10-07
497,DEMNJ9326G,U45018,2018-03-15,Diabetes,2,2016-12-04
501,ZMABY3742Q,E81709,2019-01-03,Liver Disorder,2,2015-01-27
502,WYSGQ1630N,X57381,2019-10-19,Heart Disease,1,2022-12-18
503,WYSGQ1630N,X57381,2019-10-19,Diabetes,2,2015-05-01
505,OMBEW0961H,H71493,2018-09-04,Diabetes,2,2021-06-29
507,HIYYO0198D,J64773,2019-12-03,Hypertension,2,2019-02-24
508,LZVVK4868H,Z94351,2018-06-03,Osteoarthritis,2,2017-07-04
510,IZUFG3921L,Q60216,2017-07-31,Kidney Disease,2,2021-01-20
514,OMUSQ5326X,Z42637,2019-09-23,Liver Disorder,2,2023-11-08
517,POIXV5616J,D69561,2019-04-24,Thyroid Disorder,1,2020-05-30
520,LRDXQ4173U,S55301,2018-07-21,Asthma,2,2019-02-21
521,LRDXQ4173U,S55301,2018-07-21,Heart Disease,2,2018-10-26
524,OMNEZ9451D,I83243,2018-12-31,Thyroid Disorder,1,2016-11-18
525,OMNEZ9451D,I83243,2018-12-31,Hypertension,2,2021-07-01
526,DMMZO4939G,W20679,2017-03-22,Osteoarthritis,1,2017-09-04
527,UJSLG0925K,Q65345,2017-07-30,Heart Disease,1,2023-01-14
529,UJSLG0925K,Q65345,2017-07-30,Hypertension,1,2016-05-12
531,GEJNN2866R,D44802,2018-04-05,Heart Disease,1,2022-01-19
533,XSTHC2254E,D90205,2018-01-29,Diabetes,2,2020-08-29
535,PXSDV6268I,G20766,2019-01-01,Thyroid Disorder,2,2020-10-10
537,BCXVQ9481L,M63687,2018-04-23,Thyroid Disorder,1,2018-11-04
538,BCXVQ9481L,M63687,2018-04-23,Heart Disease,2,2017-06-03
540,MFDDB0209U,P56209,2019-06-20,Hypertension,1,2023-02-19
542,ACCTQ0293J,L45489,2019-09-19,Thyroid Disorder,1,2015-07-11
543,ACCTQ0293J,L45489,2019-09-19,Heart Disease,1,2015-09-10
545,RFZAE7183R,D93531,2017-03-12,Asthma,1,2023-07-20
546,VEZRM2650P,Z44153,2018-12-24,Liver Disorder,2,2023-03-27
549,DYUSA6470D,J00356,2017-06-17,Liver Disorder,2,2018-04-28
553,NJBUV2581Z,K14809,2017-01-26,Kidney Disease,2,2017-04-20
555,RTYFU7936F,F07506,2019-07-17,Liver Disorder,2,2016-02-27
556,OVVOJ1814W,F09927,2018-09-01,Heart Disease,2,2018-05-25
559,LYIYO2706U,G69097,2017-11-02,Kidney Disease,1,2022-07-24
560,LYIYO2706U,G69097,2017-11-02,Asthma,1,2019-08-22
561,PVIIX0441F,T43420,2018-07-03,Osteoarthritis,2,2020-01-17
563,SMGCL2478L,O03493,2018-07-31,Heart Disease,2,2016-04-09
567,LIVGV5930U,A85472,2018-10-13,Kidney Disease,2,2022-08-07
568,YOMAT5483N,I18856,2017-08-15,Kidney Disease,1,2018-08-14
569,YOMAT5483N,I18856,2017-08-15,Diabetes,1,2021-03-15
570,YOMAT5483N,I18856,2017-08-15,Hypertension,2,2020-03-09
573,UNNZL2251E,U03694,2017-12-13,Heart Disease,2,2021-10-20
575,LJHGL0745I,U39983,2019-01-06,Asthma,2,2017-12-29
577,LJHGL0745I,U39983,2019-01-06,Kidney Disease,1,2016-04-09
578,NYBBU8694W,J99141,2019-07-04,Thyroid Disorder,2,2019-07-16
582,XGDPR4265C,P00754,2018-04-09,Diabetes,2,2017-09-19
583,BUZFJ7098G,B96373,2018-10-02,Asthma,1,2020-04-30
584,BUZFJ7098G,B96373,2018-10-02,Heart Disease,1,2023-02-18
585,BUZFJ7098G,B96373,2018-10-02,Hypertension,2,2023-06-17
586,JQTRY0291N,E69245,2019-04-05,Heart Disease,1,2019-11-11
587,JQTRY0291N,E69245,2019-04-05,Hypertension,1,2017-03-15
588,JQTRY0291N,E69245,2019-04-05,Kidney Disease,2,2022-02-20
589,DAVIB8797L,X89718,2018-12-25,Thyroid Disorder,1,2018-09-25
592,CUKPE8912V,G12557,2018-06-09,Liver Disorder,1,2022-04-23
593,CUKPE8912V,G12557,2018-06-09,Hypertension,1,2021-11-04
594,CUKPE8912V,G12557,2018-06-09,Diabetes,2,2019-06-09
595,QIHWJ2863F,J19709,2018-06-26,Osteoarthritis,1,2018-06-18
596,QIHWJ2863F,J19709,2018-06-26,Heart Disease,2,2016-01-21
598,MMIFK4261X,Y48369,2019-07-17,Hypertension,1,2017-11-05
600,CUUVU0664M,I84019,2018-09-06,Liver Disorder,2,2023-01-08
604,DCXMA2260W,F94773,2018-12-31,Osteoarthritis,1,2015-08-12
605,AZOYJ7237G,J78384,2017-08-22,Kidney Disease,1,2020-12-18
608,IVJIZ6950H,I22587,2017-04-26,Diabetes,1,2022-01-30
610,UCZTZ0315Z,A51816,2017-08-10,Thyroid Disorder,2,2022-02-03
611,VFTVX4910N,A68025,2017-01-27,Heart Disease,2,2021-02-10
612,VFTVX4910N,A68025,2017-01-27,Thyroid Disorder,2,2015-06-21
613,MTRDT0416B,L05083,2018-10-01,Asthma,1,2017-11-13
614,KKAMB5047I,J46831,2019-12-08,Liver Disorder,1,2016-12-12
615,KKAMB5047I,J46831,2019-12-08,Asthma,2,2017-09-30
616,KKAMB5047I,J46831,2019-12-08,Diabetes,2,2020-02-17
617,MBNKO9649F,P75920,2019-11-19,Heart Disease,1,2015-04-12
618,MBNKO9649F,P75920,2019-11-19,Kidney Disease,1,2017-03-02
619,MBNKO9649F,P75920,2019-11-19,Asthma,2,2021-11-16
620,JDMXA7559E,R54404,2017-05-26,Hypertension,1,2018-12-22
624,HEHGK0893E,U79598,2018-09-17,Osteoarthritis,1,2020-02-22
625,VRZAQ7649M,X71999,2017-03-08,Kidney Disease,2,2022-01-09
626,FNQZY0975U,L94180,2018-03-16,Liver Disorder,1,2018-08-17
627,FNQZY0975U,L94180,2018-03-16,Heart Disease,2,2018-02-22
629,GQGNY6714V,W66224,2018-09-29,Liver Disorder,1,2016-11-11
634,CAHJY6037N,E81547,2019-08-19,Liver Disorder,1,2019-11-17
635,TZXXB1982G,K64633,2019-12-19,Heart Disease,2,2018-09-12
636,TZXXB1982G,K64633,2019-12-19,Kidney Disease,1,2019-03-31
640,ZRDYQ7897J,J44717,2018-12-08,Heart Disease,2,2017-02-25
641,ZRDYQ7897J,J44717,2018-12-08,Diabetes,1,2019-05-05
642,ZRDYQ7897J,J44717,2018-12-08,Osteoarthritis,1,2019-05-16
644,IRANO7813S,X29128,2018-10-21,Diabetes,2,2018-09-09
645,IRANO7813S,X29128,2018-10-21,Liver Disorder,2,2015-12-23
648,VWJGS7106N,G98141,2018-03-19,Asthma,2,2019-09-20
650,CKXLP9881Y,F98113,2019-07-17,Kidney Disease,1,2017-08-04
652,OIBFH8403T,E50154,2017-03-31,Heart Disease,1,2016-04-01
653,OIBFH8403T,E50154,2017-03-31,Hypertension,2,2021-10-22
655,XQAUR0403M,H16832,2017-05-16,Liver Disorder,1,2018-04-20
656,XQAUR0403M,H16832,2017-05-16,Kidney Disease,2,2018-06-23
657,XQAUR0403M,H16832,2017-05-16,Hypertension,2,2021-04-11
659,FKTRT4741C,W94005,2019-06-13,Heart Disease,2,2019-08-04
660,FKTRT4741C,W94005,2019-06-13,Osteoarthritis,1,2017-02-10
662,ULHPC1110Y,Q61241,2017-12-18,Liver Disorder,2,2017-12-17
664,XAKUZ2733Z,L34983,2017-12-15,Diabetes,1,2018-12-23
665,XAKUZ2733Z,L34983,2017-12-15,Heart Disease,2,2019-10-27
666,AOJPJ9995S,M74757,2019-02-12,Asthma,1,2023-11-03
667,AOJPJ9995S,M74757,2019-02-12,Kidney Disease,1,2017-10-09
670,PTENY5650Y,S12828,2019-05-27,Hypertension,1,2020-06-24
671,PTENY5650Y,S12828,2019-05-27,Kidney Disease,2,2023-06-14
672,QOFTO2597L,S91137,2017-04-11,Hypertension,1,2021-07-14
676,NEUDO3170J,I15850,2017-03-12,Osteoarthritis,1,2016-03-25
678,FVNBY1955J,P78850,2017-07-09,Asthma,1,2018-06-13
679,GJYWV6876B,U02704,2017-12-24,Osteoarthritis,2,2021-08-15
681,HDGJY7653X,I59621,2018-09-14,Thyroid Disorder,1,2015-10-19
682,MDDLG4971N,N80442,2018-09-13,Diabetes,1,2015-07-04
683,MDDLG4971N,N80442,2018-09-13,Kidney Disease,1,2023-05-07
684,MDDLG4971N,N80442,2018-09-13,Hypertension,1,2016-02-06
688,JGWRE8691A,P61346,2019-06-14,Osteoarthritis,1,2018-06-24
690,OFWCA8595G,L54177,2019-06-13,Diabetes,1,2015-02-02
697,CCNFF8508A,Z52193,2018-06-21,Heart Disease,2,2015-03-12
700,LIPYB6677N,G26048,2019-10-05,Thyroid Disorder,2,2021-07-10
701,TIHIS0556P,L08732,2018-11-02,Liver Disorder,2,2017-10-12
703,OJASB7049J,V02702,2019-03-30,Thyroid Disorder,1,2017-10-27
704,YUKYF7979S,O85231,2019-03-20,Liver Disorder,2,2015-07-22
706,CJPNH0828W,K68933,2019-06-16,Asthma,2,2020-09-25
712,RGJRT7964V,K00282,2018-06-04,Diabetes,2,2023-03-27
713,RGJRT7964V,K00282,2018-06-04,Hypertension,2,2017-12-08
716,EUHAO9986X,U33700,2019-02-28,Diabetes,1,2015-08-09
717,HHVBY5001V,B35477,2018-09-25,Diabetes,2,2021-02-20
721,HFTIV2906Y,Z35972,2018-07-03,Kidney Disease,2,2018-05-20
723,QXYHB9568X,V23944,2019-05-18,Hypertension,2,2019-11-07
725,KUGLY9228E,M56325,2018-02-02,Asthma,2,2016-02-25
726,KUGLY9228E,M56325,2018-02-02,Osteoarthritis,1,2020-12-05
728,INLSY1545M,N77440,2019-08-20,Asthma,2,2015-02-26
731,MIUTQ5906G,S86276,2019-09-22,Liver Disorder,1,2019-08-16
732,JCUJV6452O,Y42007,2017-05-01,Thyroid Disorder,2,2020-10-14
735,OEIZS5932X,V60555,2017-01-04,Thyroid Disorder,1,2019-11-15
737,TDAPQ0894O,E70545,2019-08-01,Kidney Disease,1,2023-05-17
740,VOHPL4441N,M70226,2018-01-10,Osteoarthritis,2,2015-03-01
742,IUJXJ7397D,G35083,2019-09-28,Osteoarthritis,1,2015-10-10
743,IUJXJ7397D,G35083,2019-09-28,Kidney Disease,1,2019-10-06
744,IUJXJ7397D,G35083,2019-09-28,Asthma,1,2019-05-23
746,OLNGP6228B,H56543,2019-09-14,Asthma,1,2022-04-30
754,VDLTK1272I,E23192,2017-11-28,Diabetes,2,2015-11-01
755,STLZZ9911M,Z32929,2017-10-08,Asthma,1,2018-04-04
756,STLZZ9911M,Z32929,2017-10-08,Liver Disorder,1,2019-10-29
757,STLZZ9911M,Z32929,2017-10-08,Osteoarthritis,1,2019-08-31
760,SWTGC4444C,M05505,2018-02-22,Hypertension,1,2016-09-12
761,PYLCC2595B,H77815,2019-08-03,Liver Disorder,1,2023-12-17
767,KHAPP9774U,Q96209,2018-11-11,Osteoarthritis,1,2015-03-22
768,KHAPP9774U,Q96209,2018-11-11,Diabetes,1,2017-09-20
772,WFNAO2702L,Z16679,2017-05-03,Asthma,1,2017-08-30
774,YLDSH7720R,T97309,2017-02-04,Diabetes,1,2015-02-01
777,EEDQI0469D,C79910,2017-02-08,Liver Disorder,2,2016-04-01
778,VUITT9005K,K49679,2017-12-22,Diabetes,1,2017-10-06
779,VUITT9005K,K49679,2017-12-22,Osteoarthritis,1,2020-06-04
781,EJUCY2736X,C83925,2018-10-02,Kidney Disease,1,2016-04-13
782,EJUCY2736X,C83925,2018-10-02,Diabetes,1,2023-02-05
787,LAMMV0108R,U45920,2019-12-04,Liver Disorder,2,2017-05-22
790,NFYOZ6109P,Y79567,2019-04-03,Heart Disease,2,2017-09-25
793,NHXZB7791Z,R24228,2017-08-06,Diabetes,1,2023-02-03
794,KKFBS9099Y,W95513,2017-12-10,Liver Disorder,1,2019-05-29
795,KKFBS9099Y,W95513,2017-12-10,Diabetes,1,2022-09-19
798,VZDBC6337Z,K88459,2018-07-30,Liver Disorder,1,2022-05-22
800,CWYKA8420B,Z81759,2017-07-19,Thyroid Disorder,1,2019-06-30
804,XJEAI2163G,Z62585,2018-06-03,Asthma,2,2017-08-06
805,XJEAI2163G,Z62585,2018-06-03,Thyroid Disorder,1,2019-04-08
806,WFFQQ4493C,U80195,2017-12-29,Heart Disease,2,2015-04-23
807,WFFQQ4493C,U80195,2017-12-29,Hypertension,1,2019-04-14
808,MVHSV5695D,B12573,2019-06-19,Diabetes,2,2020-07-06
811,XWOMM7828G,R51276,2019-09-16,Liver Disorder,2,2021-11-07
812,XWOMM7828G,R51276,2019-09-16,Hypertension,1,2023-05-09
814,MOCQS7716N,Q80890,2017-06-11,Osteoarthritis,2,2023-11-17
815,MOCQS7716N,Q80890,2017-06-11,Hypertension,2,2020-08-18
817,OXUBT5390V,O30346,2018-07-20,Diabetes,2,2019-05-03
819,OXUBT5390V,O30346,2018-07-20,Osteoarthritis,2,2023-07-19
820,NOWAC8308B,V34741,2019-02-04,Osteoarthritis,1,2019-02-14
823,PLOFQ2360I,U85296,2018-05-12,Hypertension,2,2020-12-05
827,EAOOH7879D,G17112,2019-03-10,Hypertension,2,2018-10-14
828,WGFPH2194F,S96010,2017-12-15,Thyroid Disorder,2,2016-03-26
829,WGFPH2194F,S96010,2017-12-15,Heart Disease,1,2018-04-13
834,JWBXW8817E,H16818,2019-11-07,Thyroid Disorder,1,2016-09-11
839,ZJFFX5189E,Y15129,2019-10-21,Osteoarthritis,1,2021-07-31
840,ZWUJL9093L,J37971,2018-09-14,Hypertension,1,2018-09-16
841,XHFDW7849T,S19316,2018-11-14,Heart Disease,2,2020-07-23
842,SDMMN9779R,A57085,2018-06-22,Osteoarthritis,2,2018-05-11
844,SDMMN9779R,A57085,2018-06-22,Liver Disorder,1,2023-02-05
847,HPYKY5383J,Y74219,2019-03-10,Liver Disorder,1,2019-05-21
848,UYCWS1627M,A66378,2019-12-26,Kidney Disease,2,2016-03-20
849,UYCWS1627M,A66378,2019-12-26,Diabetes,1,2020-01-23
853,KIDPC9753P,G88246,2019-06-08,Thyroid Disorder,2,2019-03-12
856,UFENA4318C,N53641,2017-01-20,Kidney Disease,1,2016-06-22
859,TATRJ7656W,Q82404,2017-07-04,Hypertension,1,2022-05-22
861,BEJYF0238O,S75179,2018-09-29,Osteoarthritis,1,2022-09-25
866,ICUAG4127F,U00761,2017-06-26,Asthma,2,2022-12-20
868,TIFER4226T,Q11742,2019-07-05,Osteoarthritis,1,2018-01-26
870,GTYPE9771P,H85541,2017-12-08,Diabetes,1,2023-04-25
871,GTYPE9771P,H85541,2017-12-08,Liver Disorder,2,2020-05-28
872,ADGWV7656P,H40900,2017-02-06,Hypertension,2,2017-01-28
873,DJRLO5987E,C24526,2019-08-16,Osteoarthritis,2,2022-12-19
874,DJRLO5987E,C24526,2019-08-16,Hypertension,2,2015-03-15
875,XYNVA6235C,C40063,2017-06-26,Kidney Disease,2,2017-09-12
876,XYNVA6235C,C40063,2017-06-26,Liver Disorder,2,2020-12-05
882,VSNTS5941F,F34754,2019-10-01,Osteoarthritis,1,2019-06-21
884,YTCDV4433D,I50076,2019-07-02,Liver Disorder,1,2021-09-06
885,GNVAJ2909T,K05763,2017-03-01,Heart Disease,2,2023-08-09
887,XNTXS2703P,X65766,2017-02-16,Asthma,1,2023-07-03
890,DEGYQ1201A,V53394,2019-10-23,Diabetes,1,2018-04-23
891,DEGYQ1201A,V53394,2019-10-23,Asthma,1,2021-01-27
896,EGUXK3125M,T41273,2017-05-19,Diabetes,2,2022-07-25
897,OZLXA1810O,U03956,2017-12-19,Thyroid Disorder,2,2022-07-09
898,OZLXA1810O,U03956,2017-12-19,Diabetes,2,2018-01-12
900,EVHGE0472A,Y20826,2019-02-04,Thyroid Disorder,1,2018-03-23
901,EVHGE0472A,Y20826,2019-02-04,Osteoarthritis,1,2021-12-31
902,EVHGE0472A,Y20826,2019-02-04,Liver Disorder,1,2021-12-05
903,BUOIH4503Q,W01715,2018-06-30,Diabetes,1,2016-12-05
904,BUOIH4503Q,W01715,2018-06-30,Osteoarthritis,2,2022-09-08
906,IPJML6649Q,T12052,2017-11-05,Hypertension,1,2016-05-07
907,IPJML6649Q,T12052,2017-11-05,Asthma,1,2020-03-23
908,QBQJF5461I,M90386,2019-09-26,Osteoarthritis,1,2021-08-30
910,ZLHLK8539J,B47032,2017-09-19,Osteoarthritis,2,2022-05-01
911,ZPQWN4988V,J78336,2019-10-05,Hypertension,2,2017-03-24
912,ZPQWN4988V,J78336,2019-10-05,Heart Disease,1,2020-01-16
914,ACUYJ4090S,O45184,2019-02-25,Kidney Disease,2,2020-07-26
915,ACUYJ4090S,O45184,2019-02-25,Osteoarthritis,1,2020-12-02
916,HDUJO8028U,F12898,2018-05-28,Osteoarthritis,2,2016-08-20
917,HDUJO8028U,F12898,2018-05-28,Heart Disease,1,2015-07-30
918,HDUJO8028U,F12898,2018-05-28,Thyroid Disorder,2,2015-08-23
920,ILIFI8535M,D47474,2019-01-20,Hypertension,2,2016-04-04
924,SLZBF8224L,Q39819,2019-05-20,Liver Disorder,1,2018-09-18
926,PEQDP8602L,O32954,2019-02-16,Osteoarthritis,2,2017-04-18
927,PEQDP8602L,O32954,2019-02-16,Asthma,2,2017-10-10
928,PEQDP8602L,O32954,2019-02-16,Heart Disease,1,2016-06-20
929,RGCCA8196Q,S58644,2018-07-01,Hypertension,2,2019-02-03
931,EPNJX5804T,K05111,2017-01-16,Asthma,1,2021-03-01
932,EPNJX5804T,K05111,2017-01-16,Liver Disorder,2,2019-05-21
933,NFODQ8450B,U69853,2017-07-08,Asthma,2,2022-01-31
934,NFODQ8450B,U69853,2017-07-08,Thyroid Disorder,2,2018-01-26
937,UTQWZ4416E,U95346,2018-06-10,Hypertension,2,2020-08-08
940,ABWEU5619B,R31831,2019-02-02,Osteoarthritis,1,2023-07-02
941,ABWEU5619B,R31831,2019-02-02,Diabetes,1,2022-02-28
943,NQQFP0583H,L93960,2018-05-28,Heart Disease,1,2019-07-15
945,JVTSO0121S,S77978,2019-02-24,Liver Disorder,2,2019-01-30
947,JVTSO0121S,S77978,2019-02-24,Kidney Disease,1,2015-04-17
948,MBQHN1394M,M50993,2019-07-24,Heart Disease,2,2019-12-02
949,MBQHN1394M,M50993,2019-07-24,Hypertension,1,2016-01-25
952,NXUAL2480V,D04981,2017-10-06,Osteoarthritis,2,2021-04-25
953,NXUAL2480V,D04981,2017-10-06,Liver Disorder,2,2020-11-17
955,GGREP5927A,B06284,2018-03-06,Thyroid Disorder,1,2020-02-26
956,LSQVX5648F,H34028,2019-09-24,Asthma,2,2015-06-30
959,ICAQF8408V,H97746,2019-04-28,Kidney Disease,1,2017-01-02
963,JQRLP1828S,S91897,2017-12-13,Heart Disease,2,2019-01-30
964,JQRLP1828S,S91897,2017-12-13,Kidney Disease,2,2016-01-09
965,CSYZL4717U,H86388,2018-03-03,Heart Disease,1,2018-01-22
968,AROVL3252P,J59710,2018-12-18,Heart Disease,2,2015-02-18
971,MZNWR9531Y,C97398,2019-03-23,Asthma,2,2022-03-19
972,MZNWR9531Y,C97398,2019-03-23,Kidney Disease,1,2016-04-17
974,KECXL0143S,H39286,2019-08-15,Kidney Disease,1,2021-05-24
975,QVNXU3520A,U73526,2018-04-19,Liver Disorder,1,2015-02-17
977,QVNXU3520A,U73526,2018-04-19,Thyroid Disorder,1,2016-09-13
978,HBXMS0102E,A62191,2018-12-09,Hypertension,1,2021-09-16
979,PPHOB0898U,B61202,2018-06-02,Liver Disorder,1,2021-08-13
980,ACBBV3220M,T52693,2017-04-11,Osteoarthritis,2,2021-08-13
982,ACBBV3220M,T52693,2017-04-11,Thyroid Disorder,2,2017-04-12
983,QSURY8252T,B12936,2017-05-04,Hypertension,1,2020-03-05
985,QSURY8252T,B12936,2017-05-04,Liver Disorder,2,2016-05-21
986,LJNBC3859N,D95287,2017-04-04,Thyroid Disorder,2,2016-07-20
989,ZDWQU7331S,J10553,2019-07-12,Heart Disease,2,2015-09-27
990,JUEFT5673O,K89562,2018-12-30,Thyroid Disorder,2,2019-04-19
994,DVXTF0752I,I27928,2019-08-07,Liver Disorder,1,2023-10-30
995,DVXTF0752I,I27928,2019-08-07,Hypertension,2,2017-03-26
996,LJXHX2631Q,O03410,2019-07-13,Liver Disorder,2,2016-04-08
998,YGAVW4986G,G79616,2017-03-10,Diabetes,2,2023-01-07
1006,OEWOH2211L,U29673,2018-05-07,Diabetes,1,2017-03-09
1009,KEIQO9864B,N89379,2018-09-01,Hypertension,2,2019-12-19
1018,QUUWS4850S,E46092,2017-06-21,Liver Disorder,1,2020-06-22
1019,QUUWS4850S,E46092,2017-06-21,Thyroid Disorder,2,2015-01-29
1020,ZLAQD5412W,O01015,2017-01-20,Thyroid Disorder,2,2023-08-28
1022,NAQLS0403B,H60472,2017-04-19,Osteoarthritis,1,2018-09-03
1025,BVWHY2765F,W98043,2018-04-21,Diabetes,1,2022-09-26
1026,BVWHY2765F,W98043,2018-04-21,Asthma,1,2020-03-17
1029,JDEBF8018H,G41177,2018-05-15,Asthma,2,2015-06-28
1031,LEDWW0317G,L76548,2017-12-05,Asthma,2,2022-12-31
1032,XHOSL7729R,J73584,2018-05-18,Thyroid Disorder,1,2020-04-30
1033,XHOSL7729R,J73584,2018-05-18,Osteoarthritis,1,2015-07-17
1034,EFFAT6517E,T20325,2017-03-08,Kidney Disease,2,2022-08-30
1036,FXDNN4938K,R56798,2019-11-03,Heart Disease,2,2019-01-08
1037,FXDNN4938K,R56798,2019-11-03,Hypertension,1,2017-11-29
1042,MZWTJ0029H,Z77592,2018-05-26,Liver Disorder,2,2016-07-28
1043,FPFMW3232B,C26618,2018-08-29,Hypertension,1,2022-03-01
1044,FPFMW3232B,C26618,2018-08-29,Liver Disorder,2,2017-01-09
1051,IZEBL3375T,U29081,2017-06-17,Heart Disease,2,2018-03-10
1052,XSGDF3949W,Q34344,2017-02-27,Diabetes,1,2022-02-04
1054,ZBAQB3855L,Q88241,2019-01-25,Thyroid Disorder,2,2017-12-11
1056,KCJHV6658K,J62235,2017-01-07,Diabetes,2,2019-03-19
1058,EUWBR5713I,Y36320,2017-09-02,Liver Disorder,2,2021-11-27
1060,EUWBR5713I,Y36320,2017-09-02,Kidney Disease,1,2020-10-04
1061,QUSDU2515R,D43393,2019-11-10,Diabetes,2,2015-12-12
1063,QUSDU2515R,D43393,2019-11-10,Kidney Disease,2,2021-03-05
1065,AIOSZ7244A,X95565,2017-05-04,Asthma,2,2015-06-17
1067,ZFGMU6533K,I38146,2018-03-21,Hypertension,1,2020-12-05
1068,ZFGMU6533K,I38146,2018-03-21,Kidney Disease,1,2016-03-23
1069,ZFGMU6533K,I38146,2018-03-21,Liver Disorder,1,2023-12-03
1073,OIZXI9466F,V61954,2017-07-11,Diabetes,2,2019-10-14
1074,OIZXI9466F,V61954,2017-07-11,Liver Disorder,1,2019-07-06
1076,LCOAG1629W,B44573,2019-06-02,Kidney Disease,1,2021-03-04
1077,LCOAG1629W,B44573,2019-06-02,Asthma,2,2017-06-06
1078,LCOAG1629W,B44573,2019-06-02,Osteoarthritis,2,2015-05-16
1079,NELKY8234O,D30619,2018-03-07,Kidney Disease,2,2021-01-17
1080,NELKY8234O,D30619,2018-03-07,Asthma,1,2017-05-22
1081,ZCHXB4139M,O08298,2017-04-14,Kidney Disease,2,2022-06-26
1083,SGADE3251E,X50086,2018-09-13,Heart Disease,2,2019-09-14
1085,HXJVI2470W,A24065,2018-01-11,Osteoarthritis,1,2015-12-13
1088,TTCZG5060N,H86980,2017-03-23,Liver Disorder,2,2018-04-09
1090,TTCZG5060N,H86980,2017-03-23,Diabetes,1,2015-07-14
1099,YFULX6500L,N29316,2017-11-03,Liver Disorder,2,2016-03-05
1101,WSSZM1185I,H43569,2019-03-07,Heart Disease,2,2018-04-26
1103,JVBLE3537B,V62603,2018-01-17,Hypertension,2,2020-02-20
1104,JVBLE3537B,V62603,2018-01-17,Thyroid Disorder,2,2023-03-13
1106,KWHXJ4962K,P58522,2018-03-13,Diabetes,2,2021-03-13
1107,KWHXJ4962K,P58522,2018-03-13,Thyroid Disorder,2,2018-11-08
1108,SNQOU3029Y,Q36918,2018-02-26,Diabetes,2,2017-07-31
1109,LZZNS9216U,D70047,2018-08-21,Heart Disease,1,2021-02-21
1113,RITDC0977Y,U15741,2018-03-07,Kidney Disease,2,2017-05-21
1116,DFDRB7329Y,K60213,2018-07-02,Kidney Disease,2,2019-11-15
1118,KIMSX8294T,O64792,2017-01-31,Kidney Disease,1,2020-02-20
1121,XOLPY5728P,R60462,2019-09-25,Asthma,2,2022-01-19
1123,XOLPY5728P,R60462,2019-09-25,Hypertension,2,2018-08-04
1124,JLOER1775R,C68818,2017-05-30,Diabetes,1,2018-05-16
1127,JSLCT3150V,A39092,2019-08-21,Hypertension,1,2018-04-07
1129,JSLCT3150V,A39092,2019-08-21,Kidney Disease,1,2019-04-14
1130,KJCYJ5680S,F69712,2017-02-23,Asthma,1,2016-05-26
1131,KJCYJ5680S,F69712,2017-02-23,Thyroid Disorder,2,2016-06-06
1132,LAYCU5818O,T69641,2018-06-02,Thyroid Disorder,1,2019-09-29
1139,UVEUY7896G,C13321,2017-07-20,Asthma,2,2020-11-15
1140,CQCFY1662T,Z77223,2019-11-25,Diabetes,2,2019-05-21
1141,CQCFY1662T,Z77223,2019-11-25,Liver Disorder,2,2022-12-20
1142,ZQONC5880U,N73298,2018-04-08,Diabetes,2,2015-11-09
1143,UMXRA8032X,Y62957,2019-05-28,Hypertension,2,2023-02-15
1144,UMXRA8032X,Y62957,2019-05-28,Osteoarthritis,1,2020-05-29
1146,PHAEV7853Y,J31872,2018-06-12,Diabetes,2,2018-08-10
1148,GZPMD8917K,I50732,2017-04-23,Kidney Disease,1,2019-02-09
1153,HTTBR4057E,U11550,2018-07-01,Osteoarthritis,2,2018-10-05
1155,KSKGA3071M,F60021,2019-09-07,Hypertension,2,2017-08-03
1158,RPVRX9601P,Q88149,2019-04-05,Asthma,2,2015-01-05
1162,IWNKM9458W,S38843,2018-02-12,Kidney Disease,1,2021-08-14
1164,NMRZU3004F,L81980,2017-09-26,Osteoarthritis,2,2019-09-13
1168,HWXRF2445Q,V61431,2019-04-20,Thyroid Disorder,2,2016-09-25
1169,YUCOD2428U,P02485,2018-04-29,Heart Disease,2,2021-02-02
1170,YUCOD2428U,P02485,2018-04-29,Asthma,2,2023-05-12
1171,YUCOD2428U,P02485,2018-04-29,Diabetes,2,2015-11-22
1177,CXDZH8497M,C89411,2017-04-17,Diabetes,1,2020-02-28
1180,RMFVQ7401U,Z04748,2017-05-23,Heart Disease,1,2022-06-25
1181,ETGCL2195M,M37439,2019-09-30,Liver Disorder,1,2022-04-23
1182,ETGCL2195M,M37439,2019-09-30,Kidney Disease,2,2023-06-09
1185,VANCF4424V,W74585,2019-06-18,Heart Disease,1,2019-02-26
1188,FZKHR8504D,V89167,2019-10-22,Heart Disease,1,2023-06-15
1189,HCRQW9198P,K04523,2019-01-26,Hypertension,2,2017-07-18
1190,KDODH5253X,N27591,2018-07-24,Asthma,2,2022-08-27
1192,JJCHW3513C,F27438,2019-07-07,Hypertension,2,2021-01-30
1199,HUDHL5221U,F18707,2018-05-19,Liver Disorder,1,2017-07-07
1203,ZEPML9636X,Z62498,2018-12-21,Thyroid Disorder,1,2022-12-27
1206,UOWWA6822Y,N18167,2018-10-25,Asthma,1,2018-12-19
1209,JMUKT7719W,Z18633,2019-03-21,Hypertension,2,2017-10-17
1211,OKUKY2067Q,V73772,2019-12-23,Kidney Disease,2,2016-12-12
1213,SUQGC0355K,K56286,2017-03-14,Hypertension,1,2020-11-11
1217,ASCVP5244E,C54212,2017-04-20,Osteoarthritis,2,2021-07-07
1218,UQMAQ0471P,P21160,2017-12-10,Diabetes,2,2022-01-05
1219,UQMAQ0471P,P21160,2017-12-10,Heart Disease,1,2022-07-21
1220,UQMAQ0471P,P21160,2017-12-10,Hypertension,1,2019-12-29
1222,MQJVL3234P,F97999,2019-09-22,Kidney Disease,1,2018-09-30
1223,MQJVL3234P,F97999,2019-09-22,Thyroid Disorder,2,2017-04-23
1224,GIZLD7850A,Q34507,2019-04-10,Liver Disorder,1,2019-04-08
1225,GIZLD7850A,Q34507,2019-04-10,Thyroid Disorder,2,2022-01-15
1228,BRBUF1764S,V79989,2018-01-29,Hypertension,2,2018-07-25
1235,JEXIH9399A,V94467,2019-11-05,Asthma,2,2022-06-05
1239,SPFWJ0566D,E96307,2019-06-20,Diabetes,2,2020-02-01
1242,KXRVO7970U,X30852,2017-08-02,Osteoarthritis,1,2017-07-12
1243,SFJTZ1958L,W25351,2017-11-11,Liver Disorder,1,2017-03-27
1248,ZKSDD2669W,R88340,2017-01-16,Thyroid Disorder,2,2021-04-07
1250,AQLOE8183J,I96584,2019-12-01,Liver Disorder,1,2023-05-08
1252,BKVJS8888O,T23399,2019-05-28,Liver Disorder,1,2016-11-13
1257,BETTH0284I,N44663,2019-07-10,Kidney Disease,2,2015-08-29
1258,MZYOM0860Y,V67556,2019-02-09,Diabetes,2,2019-04-01
1262,HGEPD3641I,R49180,2017-12-05,Liver Disorder,2,2015-09-27
1263,HGEPD3641I,R49180,2017-12-05,Diabetes,2,2015-06-06
1267,JKZWQ9657P,A10691,2017-10-20,Kidney Disease,1,2020-05-15
1270,TWDCR1112S,M49714,2018-01-22,Asthma,2,2020-07-23
1271,TWDCR1112S,M49714,2018-01-22,Liver Disorder,1,2016-09-20
1272,TWDCR1112S,M49714,2018-01-22,Diabetes,1,2015-10-24
1275,DGPQK9782J,K89265,2018-11-26,Thyroid Disorder,1,2023-10-09
1279,TMIZJ2294R,G39899,2017-05-19,Hypertension,2,2021-02-18
1280,BEVVY3734K,I07190,2018-08-13,Kidney Disease,2,2016-08-04
1283,NRQMP4833S,J34484,2019-12-02,Hypertension,1,2019-05-18
1284,BOCQQ8371D,W14051,2017-12-27,Heart Disease,1,2020-09-25
1291,DKFMN4444N,N12882,2019-12-26,Diabetes,1,2019-03-11
1295,SDRNV6382J,M14823,2019-12-25,Kidney Disease,1,2018-03-24
1298,PSATG2477L,G00326,2017-11-28,Kidney Disease,1,2016-08-08
1299,PSATG2477L,G00326,2017-11-28,Liver Disorder,2,2017-09-14
1301,ZECWW7188Z,X24818,2017-04-24,Diabetes,2,2022-09-07
1302,HTSWQ1753R,R54678,2019-07-31,Liver Disorder,1,2018-05-21
1303,HTSWQ1753R,R54678,2019-07-31,Kidney Disease,2,2016-07-03
1304,WCAZD7464C,O15923,2019-03-03,Heart Disease,2,2021-12-04
1305,WCAZD7464C,O15923,2019-03-03,Liver Disorder,1,2019-04-29
1308,VXCPO4193L,I75763,2019-07-12,Asthma,1,2019-02-09
1310,JWHHH2294E,Q01216,2019-08-20,Kidney Disease,2,2022-02-02
1311,PSPSD1327A,A59055,2017-03-06,Asthma,1,2019-07-04
1315,BLGQY1580B,K20734,2019-02-01,Hypertension,1,2020-01-02
1316,BLGQY1580B,K20734,2019-02-01,Thyroid Disorder,2,2019-11-21
1320,EFVPM5592N,R80411,2018-04-17,Kidney Disease,2,2019-08-29
1321,EFVPM5592N,R80411,2018-04-17,Osteoarthritis,1,2023-05-11
1322,EFVPM5592N,R80411,2018-04-17,Diabetes,1,2020-08-23
1323,SXRSJ6790U,P04524,2018-04-19,Diabetes,1,2015-07-22
1327,IZJXD7908F,M72451,2018-01-03,Kidney Disease,1,2015-08-18
1328,IZJXD7908F,M72451,2018-01-03,Liver Disorder,1,2016-03-31
1330,TTOJS0449M,V45493,2018-05-17,Diabetes,2,2020-12-25
1331,TTOJS0449M,V45493,2018-05-17,Asthma,2,2015-12-14
1333,AOYOC9534M,U04100,2017-02-14,Osteoarthritis,2,2019-08-10
1334,AOYOC9534M,U04100,2017-02-14,Heart Disease,1,2017-06-07
1335,AOYOC9534M,U04100,2017-02-14,Asthma,1,2023-08-07
1336,HOZUA6197K,J91408,2019-11-30,Heart Disease,1,2020-12-05
1337,WKBOZ0989P,U43428,2018-07-07,Kidney Disease,2,2021-04-22
1340,MYIQM4877W,M45971,2017-09-21,Osteoarthritis,2,2015-10-30
1342,DKXLE3539W,M17353,2019-07-08,Heart Disease,1,2020-01-02
1343,IBZVB0348S,N42942,2018-01-27,Asthma,2,2019-10-16
1344,TDOLE0838Y,B60693,2018-11-21,Asthma,1,2023-01-17
1346,TDOLE0838Y,B60693,2018-11-21,Diabetes,2,2020-10-01
1347,MVJOB9856S,H10099,2019-01-18,Heart Disease,1,2015-05-26
1351,VDDNK0815E,G65798,2018-01-16,Heart Disease,1,2016-08-06
1352,VDDNK0815E,G65798,2018-01-16,Thyroid Disorder,1,2021-04-12
1355,HYZOO7134X,O73484,2018-01-10,Diabetes,1,2023-08-03
1359,FHCOG5983W,A37053,2018-04-11,Asthma,2,2021-04-11
1360,FHCOG5983W,A37053,2018-04-11,Thyroid Disorder,2,2017-01-13
1366,MKCLC3926L,H97758,2018-10-21,Osteoarthritis,1,2016-03-14
1368,KEPGX4764M,A01683,2019-03-24,Heart Disease,2,2019-11-25
1370,IGEQT4144Q,D19834,2019-08-08,Heart Disease,2,2017-10-21
1371,ZBRNJ5641F,Y39037,2017-08-08,Heart Disease,1,2022-10-07
1372,PVQOD0715E,F13193,2018-05-01,Heart Disease,2,2017-02-26
1373,PVQOD0715E,F13193,2018-05-01,Kidney Disease,1,2019-03-18
1374,PVQOD0715E,F13193,2018-05-01,Osteoarthritis,2,2023-01-29
1375,DFZGE1061U,Z72386,2018-10-17,Asthma,2,2023-09-21
1376,ZPJCG2868E,K84282,2017-12-18,Hypertension,1,2019-12-19
1379,ZEPAT9395P,Y93432,2018-11-08,Hypertension,1,2021-09-09
1380,ZEPAT9395P,Y93432,2018-11-08,Diabetes,1,2017-04-16
1386,JKUAT8935B,Q45829,2019-12-29,Kidney Disease,1,2022-07-14
1388,CCZVL0417R,L42292,2018-11-07,Liver Disorder,1,2021-04-11
1389,EOQIP4480S,U91257,2017-05-23,Hypertension,2,2022-12-12
1390,IZCGT1721I,J49293,2018-07-24,Heart Disease,2,2021-12-26
1392,UZCUZ3987A,J28695,2017-04-21,Osteoarthritis,2,2021-04-18
1393,YNBZM4786K,R93902,2018-02-05,Liver Disorder,2,2017-03-19
1395,WFKAV6132C,G36429,2018-01-04,Heart Disease,2,2023-09-26
1398,VRRPH9582V,Z00236,2017-03-24,Liver Disorder,1,2018-12-23
1400,FJRUJ4012V,J19349,2017-10-06,Liver Disorder,2,2021-04-03
1402,THGRT7032V,F35289,2018-12-25,Diabetes,2,2017-10-08
1406,ZBHFD3443F,K00218,2019-04-24,Asthma,1,2023-04-17
1408,UUFQY0870H,P22259,2019-10-22,Diabetes,2,2017-02-16
1411,ILDBU0340K,A93648,2019-10-01,Kidney Disease,2,2022-07-29
1412,ILDBU0340K,A93648,2019-10-01,Diabetes,1,2019-08-19
1416,FZYMF4999M,Q32597,2019-10-05,Asthma,2,2019-12-21
1417,FZYMF4999M,Q32597,2019-10-05,Heart Disease,2,2022-09-23
1419,BVCSM2728Z,F08538,2017-08-30,Liver Disorder,2,2018-06-19
1422,SLVHJ9930I,T63484,2018-04-22,Diabetes,1,2017-11-22
1423,SLVHJ9930I,T63484,2018-04-22,Thyroid Disorder,2,2021-09-21
1424,UZGHD5302N,R79537,2017-01-27,Diabetes,1,2020-06-07
1425,UZGHD5302N,R79537,2017-01-27,Heart Disease,1,2017-03-12
1426,PDPJO2917K,W52276,2017-04-06,Osteoarthritis,1,2015-11-02
1429,NBKUC1243D,A74908,2019-03-09,Hypertension,2,2016-12-23
1437,ACTDP5375A,A49294,2018-11-05,Heart Disease,1,2021-04-05
1438,YPSCM6928E,U24307,2018-02-16,Liver Disorder,2,2019-01-16
1439,YPSCM6928E,U24307,2018-02-16,Kidney Disease,1,2021-07-12
1440,YPSCM6928E,U24307,2018-02-16,Thyroid Disorder,1,2019-12-21
1442,UDGQU1809M,L59946,2017-02-02,Hypertension,1,2018-10-23
1444,CYEFS8596H,Y15158,2019-12-04,Hypertension,1,2020-03-04
1446,PRXBZ7568I,X94113,2018-07-02,Asthma,2,2022-01-26
1447,PRXBZ7568I,X94113,2018-07-02,Osteoarthritis,1,2016-08-01
1448,PRXBZ7568I,X94113,2018-07-02,Kidney Disease,2,2022-03-10
1449,XMXUQ4418K,U67030,2017-04-01,Thyroid Disorder,2,2016-10-02
1450,XMXUQ4418K,U67030,2017-04-01,Osteoarthritis,1,2023-11-13
1455,GZFHF2700N,P58401,2017-09-12,Hypertension,1,2019-05-30
1460,BDRRW0718T,U63204,2018-02-02,Hypertension,2,2023-12-15
1461,WPKOM8155J,G94678,2017-06-15,Heart Disease,1,2018-11-28
1467,NFYYD6262X,A41124,2019-06-06,Thyroid Disorder,1,2019-12-09
1474,RQEXL3439V,U72228,2017-11-13,Asthma,1,2021-10-22
1477,UETBE0134R,F62007,2019-09-03,Diabetes,1,2023-08-18
1478,UETBE0134R,F62007,2019-09-03,Kidney Disease,2,2020-01-17
1480,BNHXJ6770X,H10921,2019-06-16,Osteoarthritis,1,2016-03-27
1481,BNHXJ6770X,H10921,2019-06-16,Hypertension,1,2017-05-12
1482,IMMUP1776E,S09145,2017-08-15,Thyroid Disorder,2,2023-10-30
1483,DCCXU8588C,C17965,2017-04-15,Diabetes,1,2018-05-16
1486,OPCIS9840L,I18098,2017-12-05,Kidney Disease,2,2015-07-15
1488,NJWLL7799A,Q74190,2018-05-26,Heart Disease,1,2020-06-15
1490,MMWMJ2361K,B27545,2019-07-04,Diabetes,1,2021-01-19
1492,FCUCV5668R,D69452,2018-06-15,Osteoarthritis,2,2021-08-31
1493,FCUCV5668R,D69452,2018-06-15,Liver Disorder,1,2015-12-26
1495,CBKRY6455F,H33171,2017-06-24,Thyroid Disorder,2,2016-09-05
1496,XJMSA1513U,A14354,2019-02-04,Osteoarthritis,2,2016-09-14
1498,XJMSA1513U,A14354,2019-02-04,Liver Disorder,1,2021-03-11
1500,LAYKK2047M,W42112,2017-12-06,Asthma,1,2019-09-07
1501,LAYKK2047M,W42112,2017-12-06,Liver Disorder,1,2019-02-04
1502,LAYKK2047M,W42112,2017-12-06,Heart Disease,1,2020-11-09
1503,AMSRT8743W,Y61238,2019-01-09,Osteoarthritis,1,2016-08-12
1504,KUQFJ6414E,L27566,2019-02-16,Kidney Disease,1,2020-03-05
1506,QCGYU0643D,Q33299,2018-10-12,Asthma,2,2018-04-29
1507,WIXPY7519U,D80450,2017-04-29,Thyroid Disorder,2,2023-04-16
1510,ZLRGB4159A,L78839,2018-01-21,Thyroid Disorder,1,2018-06-11
1514,SAYRI1022J,M65054,2017-03-13,Hypertension,2,2020-11-05
1515,SAYRI1022J,M65054,2017-03-13,Heart Disease,2,2016-09-11
1517,IOVIP4628L,O26916,2017-03-26,Thyroid Disorder,1,2022-11-18
1518,IOVIP4628L,O26916,2017-03-26,Osteoarthritis,1,2018-01-10
1521,MIRHA9943V,T65022,2018-10-10,Thyroid Disorder,2,2023-04-08
1523,QXWFN4532V,W39233,2017-09-30,Kidney Disease,1,2022-08-28
1524,QXWFN4532V,W39233,2017-09-30,Heart Disease,2,2015-11-28
1525,QMGYZ9918D,K92274,2018-09-22,Hypertension,2,2019-05-01
1526,QMGYZ9918D,K92274,2018-09-22,Osteoarthritis,2,2017-04-11
1528,FIWFO0402E,O49357,2017-11-16,Hypertension,2,2020-03-03
1529,FIWFO0402E,O49357,2017-11-16,Osteoarthritis,1,2023-02-04
1530,FIWFO0402E,O49357,2017-11-16,Thyroid Disorder,1,2020-12-01
1531,XYKVB8285J,I16831,2017-09-12,Kidney Disease,2,2020-07-18
1532,XYKVB8285J,I16831,2017-09-12,Osteoarthritis,1,2018-05-22
1536,OGNLO2821I,Y42803,2019-04-21,Hypertension,1,2020-09-07
1540,HWQMS2323U,P28077,2019-11-13,Asthma,1,2015-10-10
1542,QYICD4189K,U85255,2018-02-20,Heart Disease,1,2023-03-27
1543,AEWLB4490K,D48203,2018-11-18,Thyroid Disorder,2,2015-08-28
1546,PERSV5373T,U70769,2019-06-21,Hypertension,2,2020-12-10
1547,UEDFM3032Y,V25039,2017-03-27,Heart Disease,1,2017-10-21
1548,XTSIM1334G,W49254,2018-03-30,Kidney Disease,2,2018-10-10
1549,PJEST3833K,O04010,2017-06-11,Liver Disorder,1,2023-01-30
1550,FHJGT0426W,M33975,2017-06-24,Kidney Disease,1,2023-04-12
1551,FHJGT0426W,M33975,2017-06-24,Osteoarthritis,2,2017-06-11
1553,JQURO2595F,Q01935,2017-08-07,Thyroid Disorder,1,2021-12-29
1554,JQURO2595F,Q01935,2017-08-07,Osteoarthritis,2,2020-04-08
1555,TMEYV4230H,U68502,2017-08-16,Heart Disease,2,2023-12-24
1560,AGKFB7485M,Z07975,2017-11-30,Asthma,1,2015-07-11
1561,FGRUE6486G,W10030,2019-08-13,Thyroid Disorder,2,2020-05-26
1563,FGRUE6486G,W10030,2019-08-13,Hypertension,1,2016-02-29
1564,NIEOX7451A,F87067,2019-03-08,Liver Disorder,2,2022-08-06
1566,YJJJF1807G,B99692,2019-11-09,Osteoarthritis,1,2023-02-14
1569,YEZOC7287F,C48271,2018-12-23,Osteoarthritis,2,2015-06-20
1572,YNVFS5611Y,K76299,2019-07-05,Liver Disorder,1,2022-11-12
1573,YNVFS5611Y,K76299,2019-07-05,Heart Disease,2,2019-01-28
1574,SEZNY4263Q,R17105,2018-12-19,Asthma,1,2016-04-14
1576,JFRRU4007W,O48381,2019-12-14,Kidney Disease,2,2017-04-20
1577,MYGZK9647Z,T65842,2018-10-09,Thyroid Disorder,2,2019-05-04
1579,MYGZK9647Z,T65842,2018-10-09,Asthma,2,2017-08-13
1580,MROEG6604I,S64901,2017-05-03,Liver Disorder,2,2019-12-08
1582,MYZTQ9243N,X86512,2017-09-02,Hypertension,2,2019-02-24
1584,JDQDD8518S,B38242,2018-08-25,Diabetes,1,2015-07-02
1586,WWKTX2234E,R98431,2019-04-05,Kidney Disease,2,2023-07-18
1587,WWKTX2234E,R98431,2019-04-05,Osteoarthritis,2,2017-08-21
1589,VALOV8341B,K41264,2017-05-24,Kidney Disease,2,2015-01-20
1590,NMKVV9189J,Q99960,2017-06-16,Thyroid Disorder,1,2018-09-14
1593,JPIGM2596K,D39883,2018-06-29,Osteoarthritis,1,2016-04-13
1595,AZWYE2034V,K15101,2017-01-09,Osteoarthritis,1,2019-06-26
1597,MVSZF2475M,C74031,2019-10-06,Hypertension,2,2023-12-17
1598,MVSZF2475M,C74031,2019-10-06,Liver Disorder,1,2021-06-19
1599,AOVBW5000D,F90538,2017-02-10,Heart Disease,1,2019-09-04
1600,AOVBW5000D,F90538,2017-02-10,Thyroid Disorder,1,2021-05-31
1601,AOVBW5000D,F90538,2017-02-10,Liver Disorder,2,2017-05-29
1603,HBLCS3290V,G66982,2019-02-26,Hypertension,1,2018-12-01
1604,YCZTW4311J,Y95556,2017-04-21,Heart Disease,2,2019-04-02
1605,YCZTW4311J,Y95556,2017-04-21,Diabetes,1,2017-12-05
1606,LMQSC3223D,Z25725,2018-07-19,Osteoarthritis,2,2020-10-17
1609,YIYHS2227J,F03232,2017-07-07,Diabetes,2,2023-12-06
1611,LQIWB7403N,J83392,2019-05-18,Heart Disease,2,2023-09-18
1613,UGJXG4376V,O95487,2019-08-17,Diabetes,1,2019-09-26
1614,ITQLG7411V,H83386,2019-09-21,Heart Disease,2,2018-12-16
1615,ITQLG7411V,H83386,2019-09-21,Thyroid Disorder,1,2016-08-11
1618,BSFJB0277E,A98915,2017-06-08,Liver Disorder,1,2015-12-14
1620,XLIBY6747Q,T84574,2018-07-07,Kidney Disease,2,2018-08-01
1621,XLIBY6747Q,T84574,2018-07-07,Thyroid Disorder,1,2018-03-07
1622,XLIBY6747Q,T84574,2018-07-07,Heart Disease,2,2020-04-29
1627,XGECU7552A,D54080,2018-11-02,Hypertension,2,2017-12-02
1628,MHTAL7862C,A56938,2018-12-18,Thyroid Disorder,1,2016-06-18
1630,BUFLE6582X,I40879,2019-01-29,Kidney Disease,2,2015-07-13
1634,XEUND1810J,O18874,2017-05-24,Asthma,1,2020-09-13
1635,WIZAX2030C,W74584,2018-03-27,Thyroid Disorder,2,2021-02-09
1636,WIZAX2030C,W74584,2018-03-27,Asthma,2,2020-07-14
1638,VTVIB0246O,O01865,2019-01-25,Asthma,2,2016-03-04
1641,KZFMP4169L,H26947,2018-12-25,Thyroid Disorder,1,2016-02-25
1642,KZFMP4169L,H26947,2018-12-25,Asthma,1,2023-04-23
1644,JSHCU3428Z,M96803,2019-08-07,Osteoarthritis,1,2023-12-03
1646,VDUQJ8689Q,P51661,2019-02-23,Liver Disorder,2,2017-09-23
1648,DBZLH8082S,U34831,2017-11-05,Kidney Disease,1,2023-04-13
1650,RPWJA1361T,T51704,2018-01-04,Diabetes,1,2021-01-24
1651,RPWJA1361T,T51704,2018-01-04,Asthma,1,2022-10-08
1652,SXQHY0767Z,T32042,2018-08-15,Heart Disease,2,2019-05-10
1654,SXQHY0767Z,T32042,2018-08-15,Liver Disorder,2,2019-06-22
1655,YJSTP4934P,H53204,2019-03-02,Liver Disorder,1,2023-09-14
1657,EMJGC1204Z,D46717,2018-08-26,Asthma,2,2019-12-10
1659,VAEST4982E,O21534,2018-06-20,Asthma,1,2020-07-06
1661,WCSUU9565B,J36147,2017-06-20,Thyroid Disorder,2,2018-04-12
1662,WCSUU9565B,J36147,2017-06-20,Diabetes,1,2016-02-15
1663,HBPFF6178U,A88726,2019-05-16,Liver Disorder,1,2018-03-21
1665,RZVTE6963J,I83816,2017-06-16,Kidney Disease,2,2023-04-06
1666,RZVTE6963J,I83816,2017-06-16,Heart Disease,2,2015-06-17
1668,MRGVT7506A,Q51610,2018-12-26,Kidney Disease,2,2023-12-11
1669,TNYWB4008G,H40224,2019-08-22,Heart Disease,1,2019-11-30
1670,TNYWB4008G,H40224,2019-08-22,Thyroid Disorder,1,2023-09-01
1672,AMWZI0796J,H33016,2018-03-07,Asthma,1,2020-03-06
1673,AMWZI0796J,H33016,2018-03-07,Kidney Disease,1,2020-07-29
1675,APXVS8021Q,F61844,2019-01-15,Heart Disease,1,2015-07-12
1676,CGNJO1246B,P45141,2019-12-25,Liver Disorder,1,2019-10-25
1678,ZNIXO0706S,F80554,2019-12-25,Asthma,1,2023-12-10
1679,OZHMG7375C,B34812,2018-09-27,Heart Disease,2,2017-03-05
1680,OZHMG7375C,B34812,2018-09-27,Diabetes,2,2016-11-06
1681,OZHMG7375C,B34812,2018-09-27,Osteoarthritis,1,2017-07-17
1687,CKODA4099C,Y58208,2018-10-15,Heart Disease,2,2016-10-05
1689,CKODA4099C,Y58208,2018-10-15,Hypertension,2,2021-03-05
1691,PUCEM4099S,W60034,2018-01-08,Liver Disorder,1,2022-04-09
1692,BTVMU8555Z,K17664,2019-01-23,Heart Disease,1,2016-06-06
1694,KNJKX1258P,B96354,2017-11-20,Osteoarthritis,1,2022-04-19
1695,KNJKX1258P,B96354,2017-11-20,Heart Disease,1,2018-09-27
1698,GVTUB8515A,N42046,2019-06-05,Hypertension,1,2018-09-03
1702,YEUIO1496D,S57764,2018-01-06,Asthma,2,2016-11-02
1703,YEUIO1496D,S57764,2018-01-06,Hypertension,2,2019-05-23
1704,MBWYQ1017B,C56755,2018-04-12,Kidney Disease,2,2017-08-28
1705,MBWYQ1017B,C56755,2018-04-12,Hypertension,1,2018-08-16
1707,BLESB0132B,I56513,2018-09-27,Kidney Disease,2,2020-05-13
1708,FPRQU7793D,J99574,2018-06-11,Thyroid Disorder,2,2018-07-04
1711,GBQCE9328F,T50322,2019-11-19,Liver Disorder,2,2020-09-07
1717,NRLZT4212M,M80468,2017-05-22,Hypertension,1,2022-07-15
1719,CJAMP2061P,B76069,2019-08-05,Osteoarthritis,2,2016-03-23
1722,EIVMJ4103E,O08259,2017-01-28,Liver Disorder,2,2022-12-16
1723,IEZRD2288V,M46487,2019-01-28,Hypertension,2,2017-11-30
1725,IEZRD2288V,M46487,2019-01-28,Liver Disorder,2,2018-06-06
1726,RBJOD9553A,D95173,2017-05-24,Thyroid Disorder,1,2015-04-03
1727,EYPEI9196K,V32369,2017-05-21,Osteoarthritis,2,2016-08-04
1728,RUYGW7792H,G14120,2019-07-21,Heart Disease,2,2023-02-13
1732,RWVFW3268T,P12541,2018-01-19,Kidney Disease,2,2015-06-12
1733,RWVFW3268T,P12541,2018-01-19,Heart Disease,1,2017-02-12
1734,NUAOU0301W,C25391,2019-04-08,Asthma,2,2022-07-04
1735,NUAOU0301W,C25391,2019-04-08,Diabetes,1,2016-05-21
1738,ZLVZG0192C,B32652,2019-09-06,Heart Disease,2,2021-09-12
1740,ZLVZG0192C,B32652,2019-09-06,Asthma,2,2020-04-23
1741,YOMXD7196F,K96984,2019-04-25,Diabetes,2,2016-01-19
1742,YOMXD7196F,K96984,2019-04-25,Hypertension,1,2015-10-06
1743,YOMXD7196F,K96984,2019-04-25,Heart Disease,1,2019-11-07
1745,KDRUR6469X,J16977,2019-01-31,Liver Disorder,1,2016-12-05
1746,KDRUR6469X,J16977,2019-01-31,Asthma,1,2020-05-01
1747,YJBJT7196Z,B22254,2018-06-11,Asthma,1,2019-06-01
1751,GQTXW9500J,O27645,2018-10-12,Kidney Disease,2,2021-09-12
1752,ZKBWH4981S,I09024,2017-04-11,Osteoarthritis,2,2018-10-03
1753,ZKBWH4981S,I09024,2017-04-11,Thyroid Disorder,2,2019-01-09
1757,UHCFU2466G,R49223,2019-05-11,Thyroid Disorder,2,2016-12-27
1759,UHCFU2466G,R49223,2019-05-11,Osteoarthritis,2,2020-01-20
1761,TZPXK4948P,C65051,2017-11-02,Osteoarthritis,2,2015-03-25
1762,TZPXK4948P,C65051,2017-11-02,Asthma,2,2021-07-09
1765,TNKXK3243V,N98056,2019-03-17,Heart Disease,2,2021-06-01
1767,BUWRV3756B,Q49733,2018-05-13,Liver Disorder,1,2017-07-04
1768,BUWRV3756B,Q49733,2018-05-13,Kidney Disease,2,2020-04-07
1769,BUWRV3756B,Q49733,2018-05-13,Osteoarthritis,2,2021-10-26
1770,JRGIY0396C,Z58988,2017-03-20,Thyroid Disorder,2,2016-06-08
1772,NIDQM4871P,U52224,2017-12-11,Kidney Disease,1,2022-01-24
1773,HBJRI4453U,X60521,2019-03-07,Kidney Disease,1,2020-10-31
1776,GCAPF2417G,K47991,2019-08-06,Asthma,1,2023-11-12
1779,JGCSV4463I,S98615,2019-07-22,Osteoarthritis,2,2017-07-04
1780,JGCSV4463I,S98615,2019-07-22,Hypertension,1,2022-08-04
1781,XOJRO6684O,I57122,2019-11-16,Heart Disease,2,2023-11-11
1782,ZTUFF8858Y,H02680,2018-10-13,Asthma,1,2018-03-30
1784,ZTUFF8858Y,H02680,2018-10-13,Thyroid Disorder,1,2023-11-30
1785,IDGXY3911E,F19970,2019-02-12,Thyroid Disorder,1,2021-05-11
1788,LRWZE7217L,Y77476,2017-05-25,Thyroid Disorder,1,2018-10-22
1789,GGPWM0569H,A53352,2019-05-24,Thyroid Disorder,1,2022-07-31
1791,MMQDB5456J,A72466,2019-06-29,Heart Disease,1,2018-11-12
1796,NEEBD9818M,P17328,2017-11-26,Thyroid Disorder,2,2023-11-19
1798,VHDTB6583P,W97345,2018-08-03,Kidney Disease,1,2017-06-24
1800,AFHRI1707Z,D85358,2018-06-22,Kidney Disease,1,2015-04-15
1801,AFHRI1707Z,D85358,2018-06-22,Thyroid Disorder,2,2018-10-01
1804,ETUPO3331W,N42880,2018-06-08,Thyroid Disorder,2,2016-04-05
1805,DHEWZ1505V,N25684,2018-04-28,Liver Disorder,2,2021-02-23
1806,DHEWZ1505V,N25684,2018-04-28,Thyroid Disorder,1,2017-06-18
1807,GEOPJ1372W,H58372,2019-12-23,Heart Disease,2,2023-11-26
1809,UHPET4656M,B16986,2019-02-01,Diabetes,2,2019-10-13
1815,ZNBYG3788D,D23445,2017-04-26,Diabetes,1,2022-05-16
1817,BSKBR3907R,S64021,2019-02-16,Thyroid Disorder,2,2016-02-06
1818,BSKBR3907R,S64021,2019-02-16,Osteoarthritis,1,2015-03-15
1819,BSKBR3907R,S64021,2019-02-16,Diabetes,2,2016-05-31
1822,JPVBR9956T,O43428,2019-05-03,Heart Disease,2,2016-03-11
1826,TICXW7255Z,A24970,2019-04-22,Thyroid Disorder,1,2022-07-07
1827,TICXW7255Z,A24970,2019-04-22,Kidney Disease,1,2017-10-16
1829,GWMFG8309M,U40389,2018-03-30,Hypertension,2,2019-04-21
1831,GWMFG8309M,U40389,2018-03-30,Thyroid Disorder,2,2020-05-21
1832,YOPCK3287H,G03681,2018-10-27,Asthma,1,2017-03-24
1835,GWOEH3329C,T21411,2019-04-27,Asthma,1,2018-11-12
1836,FKCLI2868F,Q06552,2019-11-01,Thyroid Disorder,1,2017-05-03
1837,PDKXL7998B,P18479,2017-12-23,Thyroid Disorder,2,2019-07-23
1838,GJWIU3792R,H78348,2018-12-16,Osteoarthritis,2,2020-08-27
1839,GJWIU3792R,H78348,2018-12-16,Heart Disease,2,2015-06-02
1841,BXNDS7666S,C11171,2018-01-10,Hypertension,1,2018-02-07
1845,OZVAO8572W,S57709,2018-04-07,Kidney Disease,1,2020-09-02
1846,OZVAO8572W,S57709,2018-04-07,Thyroid Disorder,1,2023-03-21
1850,PGRJU4831D,Z88975,2017-02-24,Asthma,1,2017-10-07
1854,OLSSQ0165T,D37000,2019-02-15,Hypertension,2,2023-01-29
1855,FSSTS2928U,E83714,2019-04-07,Liver Disorder,1,2017-06-05
1856,FSSTS2928U,E83714,2019-04-07,Asthma,2,2015-09-06
1859,EXUDG6129U,G02591,2018-07-02,Diabetes,2,2015-10-20
1863,NWVFS8955F,R72526,2019-08-16,Liver Disorder,2,2023-03-15
1865,NWVFS8955F,R72526,2019-08-16,Heart Disease,2,2021-08-11
1866,HYOZH3470O,A89680,2018-07-12,Diabetes,1,2023-11-18
1867,HYOZH3470O,A89680,2018-07-12,Asthma,2,2015-01-21
1868,HYOZH3470O,A89680,2018-07-12,Hypertension,2,2017-04-09
1873,DWJJC5323A,W43366,2018-10-29,Osteoarthritis,2,2023-07-15
1879,HTFOV5464M,H71423,2017-05-25,Hypertension,1,2023-05-26
1880,POOWZ0860S,Z51214,2018-01-22,Heart Disease,2,2022-04-21
1882,POOWZ0860S,Z51214,2018-01-22,Asthma,1,2023-01-13
1884,ZAULN5412S,Q92407,2017-07-13,Liver Disorder,2,2020-07-13
1885,ZAULN5412S,Q92407,2017-07-13,Osteoarthritis,1,2020-11-16
1886,ZAULN5412S,Q92407,2017-07-13,Heart Disease,1,2021-06-23
1887,OOOFV0801A,H93502,2018-12-06,Kidney Disease,1,2018-01-24
1891,TJANI3600G,C47887,2017-11-21,Osteoarthritis,2,2018-02-14
1892,TJANI3600G,C47887,2017-11-21,Asthma,1,2021-12-20
1893,TJANI3600G,C47887,2017-11-21,Kidney Disease,2,2023-05-04
1894,FDPRD0766R,R97306,2018-11-30,Thyroid Disorder,1,2021-08-25
1896,FDPRD0766R,R97306,2018-11-30,Kidney Disease,1,2016-02-04
1902,MNQSA1390M,J05355,2017-08-14,Heart Disease,2,2020-12-18
1903,MNQSA1390M,J05355,2017-08-14,Thyroid Disorder,2,2020-04-17
1904,CSPZF1991M,Y36058,2019-05-01,Asthma,1,2016-12-07
1905,YNTAM2783N,U35362,2018-12-13,Thyroid Disorder,2,2017-03-26
1906,YNTAM2783N,U35362,2018-12-13,Heart Disease,2,2022-10-21
1909,JWRWJ3348P,X39187,2019-05-24,Liver Disorder,2,2015-02-15
1910,OSLPT4556W,Q84065,2018-12-07,Hypertension,2,2021-06-03
1915,MZPKR4260Z,N32057,2018-07-13,Hypertension,1,2016-07-22
1917,MZPKR4260Z,N32057,2018-07-13,Heart Disease,2,2016-03-25
1920,PYKPR9400U,L12765,2017-09-25,Liver Disorder,1,2022-01-14
1921,PYKPR9400U,L12765,2017-09-25,Kidney Disease,2,2022-01-03
1924,RVZVY3300F,J38722,2018-06-23,Kidney Disease,2,2023-01-31
1925,RVZVY3300F,J38722,2018-06-23,Osteoarthritis,2,2022-01-11
1931,JDDNB3067E,F11019,2019-04-15,Kidney Disease,2,2015-02-03
1933,JDDNB3067E,F11019,2019-04-15,Thyroid Disorder,2,2017-12-24
1935,CFVBV4883V,W04464,2017-10-07,Asthma,1,2019-06-15
1936,CFVBV4883V,W04464,2017-10-07,Liver Disorder,1,2018-01-09
1938,EJXDQ5549A,L37390,2018-02-16,Hypertension,2,2022-01-19
1940,VVUPB2337R,M47423,2017-10-01,Kidney Disease,2,2015-07-20
1942,YEHOY0522B,X45280,2019-08-28,Thyroid Disorder,1,2022-05-03
1943,YEHOY0522B,X45280,2019-08-28,Heart Disease,1,2018-07-27
1944,IMGDT6985T,C56580,2018-08-29,Osteoarthritis,2,2016-11-29
1946,JJIFL2938R,W01606,2019-11-23,Thyroid Disorder,1,2022-06-15
1950,LULHN3413G,P67568,2018-06-18,Asthma,2,2015-09-14
1951,LULHN3413G,P67568,2018-06-18,Diabetes,2,2020-03-24
1952,LULHN3413G,P67568,2018-06-18,Liver Disorder,2,2021-10-16
1954,VSKRT5703H,T48368,2017-06-26,Hypertension,2,2022-07-06
1955,TMGFI6847T,Z88731,2017-08-19,Kidney Disease,2,2019-01-31
1957,NOABD7758T,S11633,2018-07-12,Liver Disorder,2,2019-10-21
1959,RAYML4333D,O43893,2019-05-11,Osteoarthritis,2,2022-07-15
1960,UTIRL0974I,M04330,2018-02-24,Asthma,1,2022-11-03
1961,UTIRL0974I,M04330,2018-02-24,Heart Disease,2,2015-05-08
1962,XVSEJ4498E,X72414,2018-05-01,Kidney Disease,1,2016-12-19
1964,IIWVA1520P,P62429,2019-08-23,Osteoarthritis,2,2016-05-09
1965,IIWVA1520P,P62429,2019-08-23,Hypertension,2,2020-11-14
1970,ZOVMN2161Y,U08190,2018-11-16,Heart Disease,2,2022-06-30
1971,ZOVMN2161Y,U08190,2018-11-16,Thyroid Disorder,2,2016-04-28
1972,JITDX0746B,V41193,2017-09-10,Diabetes,2,2023-01-23
1974,SIRFG0969S,F85046,2019-04-07,Asthma,2,2018-01-24
1978,WJKGA6647O,I64075,2017-07-19,Osteoarthritis,1,2018-05-02
1979,MYCFQ5419M,Y71063,2019-09-15,Hypertension,2,2023-11-07
1982,KRQOU6738I,L40682,2018-09-12,Liver Disorder,1,2015-02-21
1984,KRQOU6738I,L40682,2018-09-12,Asthma,1,2019-07-26
1990,YMQIT2357D,G52937,2019-02-02,Kidney Disease,2,2018-02-16
1991,YMQIT2357D,G52937,2019-02-02,Osteoarthritis,2,2022-03-13
1992,YMQIT2357D,G52937,2019-02-02,Asthma,2,2020-09-09
1993,NUKYC1874D,X52677,2018-08-04,Liver Disorder,1,2023-03-22
1995,WKHDX0454O,X23026,2017-04-30,Osteoarthritis,2,2022-03-15
1997,SKUCE7701G,M77442,2018-05-12,Hypertension,2,2015-05-16
1999,SKUCE7701G,M77442,2018-05-12,Kidney Disease,2,2022-04-02
2000,ATUDF9223W,R79875,2017-02-20,Osteoarthritis,2,2023-12-09
2003,KTGBV8746R,O35597,2018-10-29,Asthma,1,2020-04-13
2007,ZMZMU9421H,M20142,2019-11-18,Osteoarthritis,1,2017-10-16
2008,XQHPU1570I,T48308,2018-08-06,Diabetes,2,2015-07-18
2011,LRZFB6238O,O15848,2018-07-06,Kidney Disease,1,2019-06-11
2012,LRZFB6238O,O15848,2018-07-06,Asthma,1,2018-04-09
2016,EABPM59323,Z68690,2018-09-29,LSCS,2,2015-08-11